Player,Career Index,Career Titles,Career Win/Loss,Surface
Rafael Nadal,0.831,86,1008-205,All
Novak Djokovic,0.831,82,943-192,All
Bjorn Borg,0.824,66,654-140,All
Roger Federer,0.82,103,1243-272,All
Jimmy Connors,0.818,109,1274-283,All
John McEnroe,0.817,77,883-198,All
Ivan Lendl,0.815,94,1068-242,All
Rod Laver,0.798,59,576-146,All
Pete Sampras,0.774,64,762-222,All
Andy Murray,0.77,46,677-202,All
Boris Becker,0.769,49,713-214,All
Guillermo Vilas,0.762,62,951-297,All
Andre Agassi,0.76,60,870-274,All
Arthur Ashe,0.754,37,793-259,All
Stefan Edberg,0.748,41,801-270,All
Kent Carlsson,0.748,9,160-54,All
Andy Roddick,0.742,32,612-213,All
Ken Rosewall,0.739,35,545-192,All
Ilie Nastase,0.731,64,905-333,All
Mats Wilander,0.72,33,571-222,All
Stan Smith,0.719,45,779-305,All
Juan Martin del Potro,0.717,22,439-173,All
John Newcombe,0.714,33,568-227,All
Jose-Luis Clerc,0.713,25,378-152,All
Manuel Orantes,0.712,34,722-292,All
Tom Okker,0.709,30,664-273,All
Lleyton Hewitt,0.702,30,616-262,All
Vitas Gerulaitis,0.698,26,535-232,All
Thomas Muster,0.696,44,625-273,All
Eddie Dibbs,0.696,22,604-264,All
Yannick Noah,0.696,23,478-209,All
Alex Metreveli,0.691,9,226-101,All
Michael Stich,0.686,18,385-176,All
Cliff Richey,0.683,19,477-221,All
Clark Graebner,0.683,9,329-153,All
Miloslav Mecir Sr.,0.682,11,262-122,All
Jim Courier,0.681,23,506-237,All
Milos Raonic,0.681,8,370-173,All
Brian Gottfried,0.68,25,702-330,All
Michael Chang,0.68,34,662-312,All
Jo-Wilfried Tsonga,0.673,18,465-226,All
Raul Ramirez,0.672,19,546-267,All
Kei Nishikori,0.672,12,410-200,All
Marcelo Rios,0.671,18,391-192,All
Gene Mayer,0.669,14,321-159,All
Alexander Zverev,0.668,14,260-129,All
Yevgeny Kafelnikov,0.666,26,609-306,All
Roscoe Tanner,0.666,15,592-297,All
David Nalbandian,0.666,11,383-192,All
Tony Roche,0.664,16,364-184,All
Daniil Medvedev,0.663,10,173-88,All
David Ferrer,0.661,27,734-377,All
Andres Gomez,0.66,21,531-273,All
Andres Gimeno,0.659,9,247-128,All
Guillermo Coria,0.657,9,218-114,All
Dominic Thiem,0.655,17,305-161,All
Tomas Berdych,0.652,13,640-342,All
Richard Krajicek,0.652,17,411-219,All
Patrick Rafter,0.652,11,358-191,All
Jose Higueras,0.651,16,455-244,All
Joakim Nystrom,0.651,13,265-142,All
Sandy Mayer,0.649,12,363-196,All
Eliot Teltscher,0.648,10,399-217,All
Stefanos Tsitsipas,0.648,5,147-80,All
Fernando Gonzalez,0.647,11,370-202,All
Gustavo Kuerten,0.647,20,358-195,All
Juan Carlos Ferrero,0.646,16,479-262,All
Robin Soderling,0.646,10,310-170,All
Tim Henman,0.644,11,496-274,All
Goran Ivanisevic,0.643,22,599-333,All
Carlos Moya,0.643,20,575-319,All
Brad Gilbert,0.643,20,519-288,All
Marin Cilic,0.643,18,518-287,All
Jan Kodes,0.639,9,502-284,All
Gael Monfils,0.638,10,493-280,All
Guillermo Perez-Roldan,0.638,9,241-137,All
Jay Berger,0.638,3,141-80,All
Todd Martin,0.637,8,411-234,All
Harold Solomon,0.633,22,585-339,All
Stan Wawrinka,0.633,16,533-309,All
Richard Pancho Gonzales,0.633,7,152-88,All
Wojtek Fibak,0.631,15,536-314,All
Nick Kyrgios,0.63,6,165-97,All
Johan Kriek,0.629,14,376-222,All
Balazs Taroczy,0.628,13,391-232,All
Roberto Bautista Agut,0.628,9,316-187,All
Tommy Haas,0.627,15,569-338,All
Tim Mayotte,0.627,12,340-202,All
Martin Jaite,0.627,12,301-179,All
Bob Hewitt,0.627,9,292-174,All
Roy Emerson,0.625,4,273-164,All
Richard Gasquet,0.624,15,550-332,All
Sergi Bruguera,0.623,14,447-271,All
Petr Korda,0.623,10,410-248,All
Marty Riessen,0.62,9,508-311,All
Cliff Drysdale,0.619,5,404-249,All
Buster C. Mottram,0.618,2,289-179,All
Pat Cash,0.617,6,238-148,All
Andrey Rublev,0.617,8,148-92,All
Adriano Panatta,0.616,10,391-244,All
Magnus Gustafsson,0.615,14,415-260,All
John Isner,0.613,15,436-275,All
Marat Safin,0.612,15,422-267,All
Tomas Smid,0.61,9,522-334,All
Robert Lutz,0.609,11,465-298,All
Alex Corretja,0.609,17,438-281,All
Wayne Ferreira,0.608,15,512-330,All
Aaron Krickstein,0.607,9,395-256,All
Grigor Dimitrov,0.606,8,330-215,All
Mario Ancic,0.606,3,208-135,All
Mark Philippoussis,0.605,11,313-204,All
David Goffin,0.604,5,287-188,All
Greg Rusedski,0.603,15,436-287,All
Anders Jarryd,0.603,8,396-261,All
Thomas Enqvist,0.601,19,448-297,All
Andrei Medvedev,0.601,11,321-213,All
Tommy Robredo,0.599,12,533-357,All
Peter McNamara,0.599,5,205-137,All
Francois Jauffret,0.599,2,197-132,All
Mark Cox,0.598,13,405-272,All
Emilio Sanchez,0.597,15,431-291,All
Nikolay Davydenko,0.594,21,482-329,All
Victor Pecci,0.594,10,365-249,All
Ivan Ljubicic,0.592,10,429-296,All
Kevin Curren,0.592,5,339-234,All
Kevin Anderson,0.591,6,342-237,All
Hans Gildemeister,0.591,4,218-151,All
Dick Stockton,0.589,8,379-264,All
Felix Mantilla,0.589,10,313-218,All
Nicolas Almagro,0.588,13,397-278,All
James Blake,0.588,10,366-256,All
Tom Gorman,0.587,9,414-291,All
Jaime Fillol Sr.,0.586,7,553-391,All
Henrik Sundstrom,0.586,5,154-109,All
Albert Costa,0.585,12,385-273,All
Brian Teacher,0.585,8,333-236,All
Henri Leconte,0.584,9,377-269,All
Magnus Larsson,0.584,7,310-221,All
Alberto Berasategui,0.583,14,278-199,All
Sebastien Grosjean,0.58,4,341-247,All
Mardy Fish,0.58,6,302-219,All
MaliVai Washington,0.58,4,254-184,All
Magnus Norman,0.58,12,244-177,All
Gaston Gaudio,0.579,8,270-196,All
Corrado Barazzutti,0.578,5,317-231,All
John Alexander,0.575,8,584-432,All
Paolo Bertolucci,0.574,6,198-147,All
Nicolas Kiefer,0.572,6,366-274,All
Nicolas Escude,0.571,4,172-129,All
Gilles Simon,0.57,14,493-372,All
Andrei Chesnokov,0.57,7,344-259,All
Amos Mansdorf,0.57,6,306-231,All
Zeljko Franulovic,0.569,13,397-301,All
Jakob Hlasek,0.568,5,432-329,All
Karl Meiler,0.568,4,248-189,All
Fernando Verdasco,0.566,7,552-423,All
Guy Forget,0.566,11,378-290,All
Vijay Amritraj,0.564,15,399-308,All
Jiri Novak,0.564,7,337-260,All
Guillermo Canas,0.564,7,252-195,All
Juan Gisbert Sr,0.564,1,206-159,All
Thomaz Koch,0.562,5,208-162,All
Radek Stepanek,0.56,5,384-302,All
Marcos Baghdatis,0.56,4,349-274,All
Jimmy Arias,0.56,5,283-222,All
Juan Monaco,0.558,9,342-271,All
Jonas Svensson,0.558,5,258-204,All
Karen Khachanov,0.558,4,148-117,All
Philipp Kohlschreiber,0.556,8,470-375,All
Roger Taylor,0.554,8,364-293,All
Paradorn Srichaphan,0.553,5,239-193,All
Jack Sock,0.553,4,166-134,All
Marc Rosset,0.552,15,433-351,All
Tim Gullikson,0.551,4,272-222,All
Henry Pfister,0.551,2,260-212,All
Mikael Pernfors,0.551,3,140-114,All
Cedric Pioline,0.55,5,389-318,All
Sam Querrey,0.549,10,374-307,All
Karel Novacek,0.549,13,299-246,All
Nikola Pilic,0.548,5,299-247,All
David Wheaton,0.548,3,232-191,All
Thomas Johansson,0.547,9,357-296,All
Chris Lewis,0.547,3,237-196,All
Karol Kucera,0.546,6,293-244,All
Mikhail Youzhny,0.545,10,499-416,All
Diego Schwartzman,0.545,4,176-147,All
Paul Annacone,0.545,3,157-131,All
Lucas Pouille,0.545,5,132-110,All
Denis Shapovalov,0.545,1,110-92,All
Jaime Yzaga,0.544,8,265-222,All
Carlos Costa,0.544,6,248-208,All
Alexander Volkov,0.543,3,303-255,All
Ion Tiriac,0.543,2,235-198,All
Patrick Proisy,0.543,1,225-189,All
Dennis Ralston,0.543,1,152-128,All
Phil Dent,0.542,3,411-347,All
Alberto Mancini,0.542,3,148-125,All
Juan Ignacio Chela,0.541,6,326-277,All
Bill Scanlon,0.541,7,305-259,All
Jarkko Nieminen,0.54,2,408-348,All
Borna Coric,0.54,2,168-143,All
Richey Reneberg,0.539,3,307-263,All
Younes El Aynaoui,0.539,5,265-227,All
Heinz Gunthardt,0.539,5,229-196,All
Ray Ruffels,0.538,4,234-201,All
Fabio Fognini,0.537,9,371-320,All
Pablo Carreno Busta,0.537,4,196-169,All
Mel Purcell,0.537,3,190-164,All
Jonas Bjorkman,0.534,6,414-362,All
Wally Masur,0.534,3,327-285,All
Francisco Clavet,0.533,8,388-340,All
Arnaud Boetsch,0.533,3,231-202,All
Jason Stoltenberg,0.532,4,303-267,All
Dominik Hrbaty,0.53,6,359-318,All
Horst Skoff,0.529,4,228-203,All
Ramesh Krishnan,0.528,8,319-285,All
Janko Tipsarevic,0.528,4,288-257,All
John Sadri,0.528,2,210-188,All
Agustin Calleri,0.528,2,209-187,All
Pablo Cuevas,0.527,6,232-208,All
Patrice Dominguez,0.527,-,175-157,All
Shlomo Glickstein,0.525,2,167-151,All
Ulrich Pinner,0.525,2,138-125,All
Andrew Pattison,0.524,4,293-266,All
Alexandr Dolgopolov,0.524,3,221-201,All
Sjeng Schalken,0.523,9,293-267,All
Charlie Pasarell,0.522,3,297-272,All
Gilles Muller,0.522,2,233-213,All
Darren Cahill,0.522,2,133-122,All
Victor Amaya,0.521,3,187-172,All
Slobodan Zivojinovic,0.521,2,151-139,All
Viktor Troicki,0.52,3,293-271,All
Kim Warwick,0.52,3,293-270,All
Mariano Puerta,0.52,3,128-118,All
Mark Dickson,0.52,2,128-118,All
Ivo Karlovic,0.519,8,370-343,All
Nicolas Massu,0.519,6,257-238,All
David Pate,0.519,2,181-168,All
Fernando Luna,0.519,-,177-164,All
Taylor Dent,0.519,4,151-140,All
Feliciano Lopez,0.518,7,494-459,All
Onny Parun,0.518,6,372-346,All
Nicolas Lapentti,0.518,5,321-299,All
Xavier Malisse,0.518,3,294-274,All
Luiz Mattar,0.518,7,191-178,All
Paul McNamee,0.517,2,247-231,All
Colin Dibley,0.516,4,331-310,All
Jordi Arrese,0.516,6,224-210,All
Dick Crealy,0.515,2,333-314,All
Fabrice Santoro,0.514,6,470-444,All
Ross Case,0.514,4,292-276,All
Mark Edmondson,0.514,6,256-242,All
Dmitry Tursunov,0.514,7,231-218,All
Horacio de la Pena,0.514,4,190-180,All
Harald Elschenbroich,0.514,-,109-103,All
Brian Fairlie,0.513,3,235-223,All
Peter Fleming,0.513,3,224-213,All
Jose Acasuso,0.513,3,193-183,All
Jurgen Fassbender,0.513,3,177-168,All
Brett Steven,0.513,-,175-166,All
Jurgen Melzer,0.512,5,350-334,All
Fred Stolle,0.512,3,176-168,All
Chris Woodruff,0.512,2,109-104,All
Byron Black,0.511,2,257-246,All
Terry Moor,0.511,2,236-226,All
Derrick Rostagno,0.511,1,191-183,All
Butch Walts,0.511,4,140-134,All
Andrei Pavel,0.51,3,277-266,All
John Fitzgerald,0.51,6,240-231,All
Scott Davis,0.51,3,206-198,All
Jiri Hrebec,0.51,4,185-178,All
Juan Aguilera,0.51,5,146-140,All
Libor Pimek,0.51,1,126-121,All
Dan Goldie,0.51,2,122-117,All
Paul Haarhuis,0.509,1,267-258,All
Christo Van Rensburg,0.509,2,166-160,All
Ernests Gulbis,0.508,6,245-237,All
Todd Woodbridge,0.508,2,244-236,All
Javier Frana,0.508,3,163-158,All
Goran Prpic,0.508,1,125-121,All
Thierry Tulasne,0.507,5,228-222,All
Mark Woodforde,0.506,4,319-312,All
Igor Andreev,0.506,3,237-231,All
Jan-Michael Gambill,0.506,3,201-196,All
Paolo Cane,0.506,3,133-130,All
Bernard Tomic,0.505,4,186-182,All
Leander Paes,0.505,1,101-99,All
Slava Dosedel,0.504,3,196-193,All
Pablo Arraya,0.504,1,176-173,All
Kyle Edmund,0.504,2,117-115,All
Max Mirnyi,0.502,1,244-242,All
Jerome Golmard,0.502,2,144-143,All
Jan Siemerink,0.501,4,273-272,All
Pierre Barthes,0.501,-,187-186,All
Carl-Uwe Steeb,0.5,3,212-212,All
Allan Stone,0.499,-,236-237,All
Steve Johnson,0.499,4,169-170,All
Jeremy Chardy,0.498,1,289-291,All
Christian Bergstrom,0.498,-,161-162,All
Eric Jelen,0.498,1,135-136,All
Milan Srejber,0.498,1,128-129,All
Mikael Tillstrom,0.498,1,112-113,All
Bill Bowrey,0.498,-,111-112,All
Taylor Fritz,0.498,1,104-105,All
Franco Davin,0.497,3,153-155,All
Tim Wilkison,0.496,6,291-296,All
Sammy Giammalva Jr.,0.495,2,161-164,All
Hyung-Taik Lee,0.495,1,161-164,All
Javier Sanchez,0.494,4,327-335,All
Marcelo Filippini,0.494,5,244-250,All
Hicham Arazi,0.493,1,219-225,All
Martin Klizan,0.493,6,149-153,All
Rainer Schuettler,0.492,4,327-337,All
Arnaud Clement,0.491,4,316-327,All
Tom Gullikson,0.491,1,217-225,All
Francesco Cancellotti,0.491,2,114-118,All
Luis Horna,0.49,2,140-146,All
Paul Gerken,0.49,-,121-126,All
Ian Fletcher,0.49,-,102-106,All
Omar Camporese,0.489,2,150-157,All
Jim Osborne,0.489,-,111-116,All
Geoff Masters,0.488,2,239-251,All
Hans-Jurgen Pohmann,0.488,1,118-124,All
Lawson Duncan,0.488,-,105-110,All
Ramon Delgado,0.488,-,103-108,All
Andrea Gaudenzi,0.487,3,219-231,All
Mariano Zabaleta,0.487,3,202-213,All
Jeff Borowiak,0.486,5,288-304,All
Barry Phillips-Moore,0.485,-,212-225,All
Fritz Buehning,0.485,1,113-120,All
Gerald Battrick,0.484,4,187-199,All
Franco Squillari,0.484,3,155-165,All
Bohdan Ulihrach,0.483,3,230-246,All
Renzo Furlan,0.483,2,223-239,All
Florian Mayer,0.482,2,243-261,All
Fernando Meligeni,0.482,3,202-217,All
Vincent Van Patten,0.482,1,109-117,All
Steve Denton,0.482,-,108-116,All
Andreas Seppi,0.481,3,377-406,All
Raymond Moore,0.48,1,358-388,All
Kenneth Carlsen,0.48,3,266-288,All
Thomaz Bellucci,0.48,4,200-217,All
Robby Ginepri,0.48,3,188-204,All
Jan Gunnarsson,0.48,1,188-204,All
Kelly Evernden,0.48,3,135-146,All
Julien Benneteau,0.479,-,273-297,All
Guido Pella,0.479,1,112-122,All
Benoit Paire,0.478,3,225-246,All
Damir Dzumhur,0.477,3,116-127,All
Pedro Rebolledo,0.477,3,104-114,All
Leonardo Mayer,0.476,2,179-197,All
Ricardo Cano,0.476,-,148-163,All
Pavel Slozil,0.476,2,146-161,All
Albert Ramos-Vinolas,0.475,2,225-249,All
Aljaz Bedene,0.475,-,126-139,All
Peter Feigl,0.475,3,104-115,All
Paul-Henri Mathieu,0.474,4,276-306,All
Diego Perez,0.474,1,208-231,All
Bernard Mitton,0.474,2,206-229,All
Andrei Cherkasov,0.474,2,193-214,All
Jim Grabb,0.474,2,179-199,All
Jonathan Stark,0.474,2,136-151,All
Jiri Vesely,0.474,2,127-141,All
Pat Dupre,0.473,1,176-196,All
Hernan Gumy,0.473,1,115-128,All
Nikoloz Basilashvili,0.473,4,105-117,All
Robert Maud,0.472,1,116-130,All
Richard Fromberg,0.471,4,256-287,All
Shuzo Matsuoka,0.471,1,145-163,All
Albert Montanes,0.47,6,255-287,All
Eduardo Bengoechea,0.47,-,103-116,All
Marty Davis,0.468,3,152-173,All
Steve Darcis,0.468,2,118-134,All
Ricardas Berankis,0.468,-,110-125,All
Denis Istomin,0.467,2,229-261,All
Peter Lundgren,0.467,3,119-136,All
Joao Sousa,0.466,3,198-227,All
Michiel Schapers,0.466,-,160-183,All
Gilbert Schaller,0.466,1,115-132,All
Chip Hooper,0.466,-,104-119,All
Henrik Holm,0.466,-,96-110,All
Tomas Carbonell,0.465,2,194-223,All
Vincent Spadea,0.464,1,311-359,All
Jacco Eltingh,0.464,4,127-147,All
Olivier Rochus,0.463,2,238-276,All
Ronald Agenor,0.463,3,221-256,All
Patrick McEnroe,0.462,1,140-163,All
Federico Delbonis,0.462,2,135-157,All
Robin Haase,0.461,2,231-270,All
Adrian Mannarino,0.461,1,207-242,All
Jan-Lennard Struff,0.46,-,142-167,All
Stefan Koubek,0.459,3,215-253,All
Rolf Gehring,0.459,1,119-140,All
Byron Bertram,0.459,-,119-140,All
Michael Llodra,0.458,5,187-221,All
Nicklas Kulti,0.458,3,154-182,All
Kjell Johansson,0.458,1,120-142,All
Claudio Mezzadri,0.458,1,116-137,All
Todd Witsken,0.458,-,115-136,All
Ivan Dodig,0.457,1,118-140,All
Guillermo Garcia-Lopez,0.456,5,297-354,All
Potito Starace,0.456,-,162-193,All
Karim Alami,0.456,2,156-186,All
Carlos Kirmayr,0.456,1,139-166,All
Bernd Karbacher,0.456,2,135-161,All
Sergio Casal,0.456,1,124-148,All
Wayne Arthurs,0.455,1,133-159,All
Pascal Portes,0.455,-,100-120,All
Sandon Stolle,0.455,-,100-120,All
Bob Giltinan,0.455,1,95-114,All
Patrik Kuhnen,0.454,-,127-153,All
Sergiy Stakhovsky,0.453,4,177-214,All
Scott Draper,0.453,1,107-129,All
Pierre-Hugues Herbert,0.453,-,91-110,All
Victor Hanescu,0.452,1,201-244,All
Georges Goven,0.452,1,188-228,All
Marc-Kevin Goellner,0.452,2,160-194,All
Bob Carmichael,0.451,1,208-253,All
Billy Martin,0.451,1,144-175,All
Haroon Rahim,0.451,1,138-168,All
Hendrik Dreekmann,0.451,-,97-118,All
Ismail El Shafei,0.45,1,235-287,All
Santiago Giraldo,0.45,-,168-205,All
Marc Gicquel,0.449,-,92-113,All
Jeff Tarango,0.448,2,239-294,All
Alberto Martin,0.448,3,218-269,All
John Lloyd,0.448,1,210-259,All
Jose Edison Mandarino,0.448,-,90-111,All
Marcel Granollers,0.447,4,202-250,All
Jimmy Brown,0.447,-,140-173,All
Nicolas Mahut,0.446,4,181-225,All
Dusan Lajovic,0.446,1,139-173,All
Stefan Simonsson,0.446,-,100-124,All
Marcos Ondruska,0.445,-,118-147,All
Andreas Maurer,0.445,1,114-142,All
Ivan Molina,0.444,-,161-202,All
Van Winitsky,0.444,3,106-133,All
Frew McMillan,0.443,2,195-245,All
Guillaume Raoux,0.443,1,179-225,All
Filippo Volandri,0.443,2,178-224,All
Gianni Ocleppo,0.443,1,102-128,All
Nick Saviano,0.442,1,157-198,All
Christian Ruud,0.442,-,115-145,All
Erik Van Dillen,0.441,2,186-236,All
Brad Drewett,0.441,2,176-223,All
Vasek Pospisil,0.44,-,122-155,All
Daniel Vacek,0.439,-,176-225,All
Mikhail Kukushkin,0.439,1,167-213,All
Marian Vajda,0.439,2,119-152,All
Lukas Rosol,0.438,2,123-158,All
Ove Nils Bengtson,0.436,1,137-177,All
Adrian Voinea,0.436,1,136-176,All
Rod Frawley,0.435,1,110-143,All
Filip Dewulf,0.434,2,96-125,All
Andrew Ilie,0.434,2,89-116,All
David Prinosil,0.433,3,169-221,All
Gilad Bloom,0.433,-,93-122,All
Jairo Velasco Sr,0.432,-,134-176,All
Bryan Shelton,0.432,2,104-137,All
Vladimir Zednik,0.429,2,115-153,All
Tom Edlefsen,0.429,2,105-140,All
Martin Damm,0.428,-,157-210,All
Joaquin Loyo-Mayo,0.428,-,101-135,All
Simone Bolelli,0.427,-,123-165,All
Lukasz Kubot,0.427,-,97-130,All
Sargis Sargsian,0.426,1,155-209,All
Ryan Harrison,0.426,1,118-159,All
Damir Keretic,0.425,-,91-123,All
Paul Goldstein,0.425,-,85-115,All
Fernando Vicente,0.424,3,157-213,All
Bruce Manson,0.424,-,126-171,All
Milan Holecek,0.424,1,117-159,All
Alex Antonitsch,0.424,1,106-144,All
Dudi Sela,0.423,-,143-195,All
Claudio Panatta,0.423,1,105-143,All
Kristof Vliegen,0.422,-,89-122,All
David Sanchez,0.422,2,86-118,All
Olivier Delaitre,0.421,-,130-179,All
Antonio Zugarelli,0.421,1,114-157,All
Malek Jaziri,0.421,-,101-139,All
Florent Serra,0.42,2,123-170,All
Peter Elter,0.42,-,87-120,All
Sebastien Lareau,0.419,-,99-137,All
Gary Muller,0.419,-,85-118,All
Daniel Nestor,0.419,-,85-118,All
Sherwood Stewart,0.418,2,169-235,All
Patricio Cornejo,0.418,-,156-217,All
Albert Portas,0.418,1,142-198,All
Yen-Hsun Lu,0.416,-,161-226,All
Jordi Burillo,0.416,1,92-129,All
Andrei Olhovskiy,0.415,2,117-165,All
Grant Stafford,0.415,-,83-117,All
Danie Visser,0.414,-,91-129,All
Davide Sanguinetti,0.411,2,170-244,All
Galo Blanco,0.411,1,122-175,All
Benjamin Becker,0.41,1,153-220,All
Carlos Berlocq,0.41,2,134-193,All
Stefano Pescosolido,0.407,2,109-159,All
Jean-Philippe Fleurian,0.407,-,107-156,All
Christophe Roger-Vasselin,0.407,-,90-131,All
Raemon Sluiter,0.407,-,90-131,All
Jeremy Bates,0.406,1,132-193,All
Alex O'Brien,0.406,1,93-136,All
Horacio Zeballos,0.406,1,91-133,All
Pablo Andujar,0.405,4,145-213,All
Russell Simpson,0.405,-,141-207,All
Gianluca Pozzi,0.403,1,175-259,All
Hans Kary,0.403,1,149-221,All
Alejandro Falla,0.403,-,114-169,All
Mischa Zverev,0.402,1,133-198,All
Edouard Roger-Vasselin,0.402,-,84-125,All
Syd Ball,0.401,-,120-179,All
Colin Dowdeswell,0.399,1,117-176,All
Antony Dupuis,0.399,1,85-128,All
Juan Antonio Marin,0.399,1,81-122,All
Nicola Spear,0.398,-,109-165,All
Lukas Lacko,0.398,-,97-147,All
Nduka Odizor,0.398,1,82-124,All
Simon Youl,0.397,2,91-138,All
Eddie Edwards,0.397,1,87-132,All
John Yuill,0.396,-,95-145,All
Lars Jonsson,0.396,-,86-131,All
Jaime Pinto-Bravo,0.396,-,84-128,All
Donald Young,0.395,-,124-190,All
Diego Nargiso,0.394,-,100-154,All
Nicolas Pereira,0.393,2,81-125,All
Belus Prajoux,0.391,-,84-131,All
Trey Waltke,0.389,-,111-174,All
John James,0.389,-,91-143,All
Mike Cahill,0.388,-,99-156,All
Francisco Gonzalez,0.387,-,108-171,All
Matthew Ebden,0.385,-,79-126,All
Justin Gimelstob,0.384,-,107-172,All
Mike Estep,0.382,1,113-183,All
Antonio Munoz,0.382,-,110-178,All
Cassio Motta,0.382,-,108-175,All
Thierry Champion,0.382,-,102-165,All
Michael Berrer,0.378,-,88-145,All
Steve Krulevitz,0.375,-,121-202,All
Paolo Lorenzi,0.375,1,110-183,All
Paul Kronk,0.373,-,114-192,All
Lars Burgsmuller,0.372,1,90-152,All
Marko Ostoja,0.371,1,82-139,All
Jim Delaney,0.371,-,78-132,All
Thomas Hogstedt,0.369,1,90-154,All
Igor Kunitsyn,0.369,1,89-152,All
Teymuraz Gabashvili,0.368,-,116-199,All
Bjorn Phau,0.367,-,80-138,All
Jim McManus,0.359,-,123-220,All
Daniel Gimeno-Traver,0.359,-,97-173,All
Torben Ulrich,0.355,-,71-129,All
Jun Kuki,0.354,-,74-135,All
Christophe Rochus,0.35,-,118-219,All
Anand Amritraj,0.347,-,96-181,All
George Hardie,0.346,-,75-142,All
Graham Stilwell,0.341,-,91-176,All
Michael Russell,0.339,-,77-150,All
Ruben Ramirez Hidalgo,0.338,-,68-133,All
Sashi Menon,0.337,-,90-177,All
Fred McNair IV,0.309,-,72-161,All
John Feaver,0.293,-,70-169,All
,,,,
Player,Career Index,Career Titles,Career Win/Loss,Surface
Rafael Nadal,0.918,60,445-40,Grass
Bjorn Borg,0.861,32,285-46,Grass
Ivan Lendl,0.81,28,329-77,Grass
Novak Djokovic,0.801,15,225-56,Grass
Guillermo Vilas,0.797,49,681-173,Grass
Ilie Nastase,0.79,31,426-113,Grass
Ken Rosewall,0.788,12,134-36,Grass
Jose-Luis Clerc,0.773,21,307-90,Grass
Manuel Orantes,0.77,31,569-170,Grass
Thomas Muster,0.77,40,426-127,Grass
Jimmy Connors,0.768,12,208-63,Grass
Mats Wilander,0.767,20,264-80,Grass
Roger Federer,0.761,11,223-70,Grass
Kent Carlsson,0.761,9,153-48,Grass
Rod Laver,0.756,10,121-39,Grass
Dominic Thiem,0.751,10,142-47,Grass
Yannick Noah,0.739,11,210-74,Grass
Eddie Dibbs,0.735,13,382-138,Grass
Tom Okker,0.734,12,207-75,Grass
Juan Carlos Ferrero,0.728,13,254-95,Grass
Cliff Richey,0.727,8,165-62,Grass
Andre Agassi,0.727,7,152-57,Grass
John McEnroe,0.721,4,124-48,Grass
Guillermo Coria,0.717,8,134-53,Grass
Raul Ramirez,0.713,7,219-88,Grass
John Newcombe,0.711,6,140-57,Grass
Tony Roche,0.708,5,75-31,Grass
Arthur Ashe,0.706,5,175-73,Grass
Juan Martin del Potro,0.706,4,84-35,Grass
Fernando Gonzalez,0.705,8,167-70,Grass
David Ferrer,0.704,13,335-141,Grass
Carlos Moya,0.702,16,337-143,Grass
Andres Gomez,0.701,16,329-140,Grass
Stan Smith,0.7,3,156-67,Grass
Alexander Zverev,0.7,5,77-33,Grass
Gustavo Kuerten,0.699,14,181-78,Grass
Jan Kodes,0.696,6,309-135,Grass
Andy Murray,0.695,3,107-47,Grass
Harold Solomon,0.693,8,287-127,Grass
Andres Gimeno,0.693,4,95-42,Grass
Martin Mulligan,0.691,-,105-47,Grass
Kei Nishikori,0.691,2,96-43,Grass
Vitas Gerulaitis,0.69,7,127-57,Grass
Marcelo Rios,0.688,9,179-81,Grass
Sergi Bruguera,0.687,13,296-135,Grass
Balazs Taroczy,0.685,13,294-135,Grass
Jim Courier,0.685,5,115-53,Grass
Jose Higueras,0.684,15,394-182,Grass
Adriano Panatta,0.683,9,273-127,Grass
Stefan Edberg,0.683,3,138-64,Grass
Cliff Drysdale,0.682,1,101-47,Grass
Henrik Sundstrom,0.674,5,130-63,Grass
Andrei Medvedev,0.673,9,171-83,Grass
Michael Stich,0.673,3,105-51,Grass
Miloslav Mecir Sr.,0.669,4,97-48,Grass
David Nalbandian,0.667,4,138-69,Grass
Alex Corretja,0.664,10,292-148,Grass
Albert Costa,0.664,12,271-137,Grass
Tommy Robredo,0.664,11,261-132,Grass
Martin Jaite,0.664,9,231-117,Grass
Stan Wawrinka,0.664,7,184-93,Grass
Joakim Nystrom,0.664,7,142-72,Grass
Boris Becker,0.663,-,120-61,Grass
Guillermo Perez-Roldan,0.661,9,234-120,Grass
Felix Mantilla,0.658,10,235-122,Grass
Gaston Gaudio,0.658,8,210-109,Grass
Buster C. Mottram,0.658,1,154-80,Grass
Wojtek Fibak,0.657,3,243-127,Grass
Nicolas Almagro,0.656,13,279-146,Grass
Bob Hewitt,0.655,4,110-58,Grass
Magnus Gustafsson,0.651,8,213-114,Grass
Peter McNamara,0.65,3,119-64,Grass
Zeljko Franulovic,0.649,11,301-163,Grass
Tomas Smid,0.649,4,266-144,Grass
Michael Chang,0.648,4,107-58,Grass
Alberto Berasategui,0.647,14,238-130,Grass
Ion Tiriac,0.646,2,164-90,Grass
Brian Gottfried,0.644,4,170-94,Grass
Emilio Sanchez,0.642,13,301-168,Grass
Jaime Fillol Sr.,0.641,4,293-164,Grass
Roy Emerson,0.64,3,64-36,Grass
Jo-Wilfried Tsonga,0.638,1,90-51,Grass
Andrei Chesnokov,0.637,4,167-95,Grass
Tomas Berdych,0.637,2,158-90,Grass
Milos Raonic,0.637,-,65-37,Grass
Andy Roddick,0.636,5,75-43,Grass
Marty Riessen,0.633,1,112-65,Grass
Dick Stockton,0.633,1,100-58,Grass
Lleyton Hewitt,0.632,2,98-57,Grass
John Alexander,0.63,2,223-131,Grass
Eliot Teltscher,0.629,-,127-75,Grass
Roscoe Tanner,0.629,3,100-59,Grass
Juan Monaco,0.626,8,236-141,Grass
Pete Sampras,0.625,3,90-54,Grass
Robin Soderling,0.623,2,86-52,Grass
Richard Gasquet,0.622,3,143-87,Grass
Francois Jauffret,0.621,2,175-107,Grass
Victor Pecci,0.62,10,287-176,Grass
Marin Cilic,0.62,2,124-76,Grass
Gene Mayer,0.62,2,85-52,Grass
Goran Ivanisevic,0.618,3,141-87,Grass
Karel Novacek,0.617,10,187-116,Grass
Nikolay Davydenko,0.611,10,185-118,Grass
Fernando Verdasco,0.61,5,230-147,Grass
Hans Gildemeister,0.608,4,203-131,Grass
Jimmy Arias,0.608,5,144-93,Grass
Corrado Barazzutti,0.607,4,239-155,Grass
Paolo Bertolucci,0.607,6,181-117,Grass
David Goffin,0.607,1,71-46,Grass
Gael Monfils,0.606,1,129-84,Grass
Magnus Norman,0.606,7,109-71,Grass
Pablo Cuevas,0.601,6,161-107,Grass
Carlos Costa,0.599,6,196-131,Grass
Henri Leconte,0.599,5,163-109,Grass
Agustin Calleri,0.598,2,134-90,Grass
Richard Krajicek,0.598,1,79-53,Grass
Tommy Haas,0.597,2,135-91,Grass
Marat Safin,0.596,2,121-82,Grass
Juan Ignacio Chela,0.595,6,197-134,Grass
Roberto Bautista Agut,0.594,1,76-52,Grass
Horst Skoff,0.591,3,178-123,Grass
Jose Acasuso,0.591,3,146-101,Grass
Fabio Fognini,0.588,8,210-147,Grass
Younes El Aynaoui,0.588,4,151-106,Grass
Aaron Krickstein,0.587,2,122-86,Grass
Mariano Puerta,0.587,3,108-76,Grass
Grigor Dimitrov,0.587,1,71-50,Grass
Guillermo Canas,0.585,4,121-86,Grass
Alberto Mancini,0.584,3,115-82,Grass
Diego Schwartzman,0.583,3,88-63,Grass
Sebastien Grosjean,0.583,-,88-63,Grass
Wayne Ferreira,0.581,1,90-65,Grass
Mario Martinez,0.58,3,80-58,Grass
Yevgeny Kafelnikov,0.578,3,141-103,Grass
Mark Cox,0.578,2,89-65,Grass
Petr Korda,0.578,-,89-65,Grass
Todd Martin,0.578,2,67-49,Grass
Jason Stoltenberg,0.578,3,59-43,Grass
Nicolas Massu,0.577,5,162-119,Grass
Francisco Clavet,0.576,7,264-194,Grass
Terry Moor,0.576,1,102-75,Grass
Roger Taylor,0.576,1,99-73,Grass
Mel Purcell,0.574,-,89-66,Grass
Patrick Proisy,0.57,1,166-125,Grass
Chris Lewis,0.57,2,118-89,Grass
Magnus Larsson,0.57,2,110-83,Grass
Javier Frana,0.57,1,65-49,Grass
Martin Klizan,0.568,4,75-57,Grass
Philipp Kohlschreiber,0.565,6,175-135,Grass
Gilles Simon,0.565,5,144-111,Grass
Heinz Gunthardt,0.565,1,105-81,Grass
Ivan Ljubicic,0.565,-,105-81,Grass
Jiri Novak,0.564,4,128-99,Grass
Juan Gisbert Sr,0.564,1,123-95,Grass
Karl Meiler,0.564,2,114-88,Grass
Jarkko Nieminen,0.564,-,114-88,Grass
Slava Dosedel,0.563,3,147-114,Grass
Nicolas Lapentti,0.562,3,182-142,Grass
Thomaz Bellucci,0.559,4,128-101,Grass
Thierry Tulasne,0.558,4,173-137,Grass
Anders Jarryd,0.558,1,86-68,Grass
Thomaz Koch,0.558,1,72-57,Grass
Goran Prpic,0.556,1,95-76,Grass
Ray Ruffels,0.556,-,65-52,Grass
Ulrich Pinner,0.555,2,111-89,Grass
Andrea Gaudenzi,0.554,3,164-132,Grass
Mariano Zabaleta,0.554,3,149-120,Grass
Federico Delbonis,0.553,2,109-88,Grass
Dick Crealy,0.552,2,155-126,Grass
Radek Stepanek,0.552,-,101-82,Grass
Fernando Meligeni,0.551,3,161-131,Grass
Horacio de la Pena,0.55,4,164-134,Grass
Barry Phillips-Moore,0.55,-,137-112,Grass
Nikola Pilic,0.55,1,105-86,Grass
Albert Ramos-Vinolas,0.548,2,155-128,Grass
Pierre Barthes,0.548,-,74-61,Grass
Juan Aguilera,0.546,5,136-113,Grass
Harald Elschenbroich,0.546,-,95-79,Grass
Luis Horna,0.545,2,102-85,Grass
Guido Pella,0.545,1,61-51,Grass
John Isner,0.543,1,70-59,Grass
Victor Hanescu,0.542,1,130-110,Grass
Jakob Hlasek,0.542,-,103-87,Grass
Jaime Yzaga,0.541,3,100-85,Grass
Lawson Duncan,0.541,-,93-79,Grass
Marcelo Filippini,0.54,5,211-180,Grass
Franco Squillari,0.538,3,128-110,Grass
Andrei Pavel,0.538,1,106-91,Grass
Geoff Masters,0.538,-,78-67,Grass
Javier Sanchez,0.537,3,216-186,Grass
Phil Dent,0.537,-,116-100,Grass
Paolo Cane,0.537,3,94-81,Grass
Andrew Pattison,0.537,1,72-62,Grass
Filippo Volandri,0.536,2,165-143,Grass
Dominik Hrbaty,0.536,2,133-115,Grass
Cedric Pioline,0.536,2,118-102,Grass
Libor Pimek,0.536,1,74-64,Grass
Jordi Arrese,0.535,5,213-185,Grass
Pablo Carreno Busta,0.535,1,85-74,Grass
Igor Andreev,0.534,2,118-103,Grass
Hans-Jurgen Pohmann,0.534,1,93-81,Grass
Albert Montanes,0.533,6,212-186,Grass
Pablo Arraya,0.533,1,154-135,Grass
Robert Lutz,0.532,-,59-52,Grass
Brian Fairlie,0.531,1,86-76,Grass
Bernd Karbacher,0.531,2,77-68,Grass
Potito Starace,0.529,-,129-115,Grass
Tim Henman,0.529,-,63-56,Grass
Karim Alami,0.528,2,122-109,Grass
Ross Case,0.528,2,84-75,Grass
Kevin Anderson,0.528,-,57-51,Grass
Francesco Cancellotti,0.527,2,109-98,Grass
Pavel Slozil,0.527,1,98-88,Grass
Guy Forget,0.526,1,101-91,Grass
Lukas Rosol,0.525,1,53-48,Grass
Jiri Hrebec,0.524,-,109-99,Grass
Ernests Gulbis,0.524,1,76-69,Grass
Fernando Luna,0.523,-,174-159,Grass
Jeremy Chardy,0.523,1,103-94,Grass
Leonardo Mayer,0.522,2,93-85,Grass
Ronald Agenor,0.52,2,144-133,Grass
Jurgen Melzer,0.519,1,123-114,Grass
Jeff Borowiak,0.519,3,97-90,Grass
Marian Vajda,0.519,2,94-87,Grass
Gilbert Schaller,0.518,1,103-96,Grass
Alberto Martin,0.516,3,157-147,Grass
Bohdan Ulihrach,0.516,3,116-109,Grass
Jose Edison Mandarino,0.516,-,66-62,Grass
Tomas Carbonell,0.515,2,141-133,Grass
Marc-Kevin Goellner,0.515,2,87-82,Grass
Brian Teacher,0.515,-,52-49,Grass
Santiago Giraldo,0.514,-,94-89,Grass
Hernan Gumy,0.514,1,89-84,Grass
Aljaz Bedene,0.514,-,55-52,Grass
Mikhail Youzhny,0.511,3,134-128,Grass
Robin Haase,0.511,2,89-85,Grass
Vijay Amritraj,0.51,3,74-71,Grass
Diego Perez,0.509,1,173-167,Grass
Christian Ruud,0.509,-,87-84,Grass
Benoit Paire,0.509,3,81-78,Grass
Markus Hipfl,0.509,-,56-54,Grass
Franco Davin,0.508,3,151-146,Grass
Tom Gorman,0.508,-,64-62,Grass
Paul McNamee,0.507,-,113-110,Grass
Dusan Lajovic,0.507,1,76-74,Grass
Janko Tipsarevic,0.507,1,70-68,Grass
Viktor Troicki,0.507,-,70-68,Grass
Marc Rosset,0.506,3,118-115,Grass
Pablo Andujar,0.505,4,105-103,Grass
Jiri Vesely,0.505,-,55-54,Grass
Richard Fromberg,0.504,3,128-126,Grass
Vladimir Zednik,0.504,1,62-61,Grass
Stefan Koubek,0.503,1,95-94,Grass
Hicham Arazi,0.503,1,92-91,Grass
Patrice Dominguez,0.503,-,91-90,Grass
Colin Dibley,0.503,1,86-85,Grass
Luiz Mattar,0.503,1,82-81,Grass
David Sanchez,0.503,2,77-76,Grass
Onny Parun,0.502,1,138-137,Grass
Renzo Furlan,0.5,1,133-133,Grass
Florian Mayer,0.5,1,100-100,Grass
Kim Warwick,0.5,1,85-85,Grass
Gerald Battrick,0.5,2,76-76,Grass
Jimmy Brown,0.497,-,93-94,Grass
Charlie Pasarell,0.496,-,60-61,Grass
Xavier Malisse,0.496,-,58-59,Grass
Guillermo Garcia-Lopez,0.495,3,135-138,Grass
Claudio Mezzadri,0.495,1,90-92,Grass
Jonas Svensson,0.493,-,68-70,Grass
Pedro Rebolledo,0.492,2,93-96,Grass
Alexandr Dolgopolov,0.492,2,61-63,Grass
Joao Sousa,0.491,1,80-83,Grass
Boro Jovanovic,0.491,-,52-54,Grass
Andreas Seppi,0.49,1,129-134,Grass
Feliciano Lopez,0.49,1,128-133,Grass
Ismail El Shafei,0.489,1,109-114,Grass
Antonio Zugarelli,0.489,1,88-92,Grass
Angel Gimenez,0.487,2,77-81,Grass
Ricardo Cano,0.486,-,139-147,Grass
Paul-Henri Mathieu,0.486,2,108-114,Grass
Jurgen Fassbender,0.484,1,90-96,Grass
Rolf Gehring,0.484,1,76-81,Grass
Simone Bolelli,0.483,-,56-60,Grass
Ivan Molina,0.482,-,133-143,Grass
Fabrice Santoro,0.482,-,132-142,Grass
Allan Stone,0.482,-,55-59,Grass
Marcel Granollers,0.479,3,102-111,Grass
Thomas Enqvist,0.479,2,58-63,Grass
Carl-Uwe Steeb,0.478,2,86-94,Grass
Andrei Cherkasov,0.478,-,76-83,Grass
Jan Gunnarsson,0.476,-,88-97,Grass
Karol Kucera,0.475,-,76-84,Grass
Arnaud Boetsch,0.475,-,58-64,Grass
Albert Portas,0.474,1,127-141,Grass
Jordi Burillo,0.473,1,70-78,Grass
Andreas Maurer,0.471,1,88-99,Grass
Eduardo Bengoechea,0.47,-,86-97,Grass
Bob Carmichael,0.47,-,71-80,Grass
Kjell Johansson,0.469,-,76-86,Grass
Galo Blanco,0.468,1,111-126,Grass
Sjeng Schalken,0.468,1,66-75,Grass
Ricardo Ycaza,0.468,-,65-74,Grass
Adrian Voinea,0.467,1,70-80,Grass
Marcos Hocevar,0.467,-,49-56,Grass
Patricio Cornejo,0.466,-,103-118,Grass
Nicklas Kulti,0.465,-,53-61,Grass
Fernando Vicente,0.464,3,111-128,Grass
Julian Ganzabal,0.462,-,54-63,Grass
Florent Serra,0.462,1,48-56,Grass
Carlos Berlocq,0.461,2,100-117,Grass
Omar Camporese,0.461,-,71-83,Grass
Milan Holecek,0.461,-,59-69,Grass
Claudio Pistolesi,0.46,1,74-87,Grass
Nicolas Kiefer,0.46,-,57-67,Grass
James Blake,0.46,-,46-54,Grass
Stefan Simonsson,0.459,-,62-73,Grass
Dominique Bedel,0.458,1,49-58,Grass
Carlos Kirmayr,0.457,-,84-100,Grass
Paul Haarhuis,0.457,-,64-76,Grass
Sergio Casal,0.455,1,80-96,Grass
Christian Bergstrom,0.455,-,46-55,Grass
Denis Istomin,0.454,-,59-71,Grass
Horacio Zeballos,0.453,1,58-70,Grass
Damir Keretic,0.451,-,69-84,Grass
Jeff Tarango,0.449,-,48-59,Grass
Jairo Velasco Sr,0.448,-,121-149,Grass
Georges Goven,0.448,1,117-144,Grass
Peter Elter,0.448,-,65-80,Grass
Jaime Pinto-Bravo,0.447,-,67-83,Grass
Jean-Francois Caujolle,0.446,-,66-82,Grass
Mark Edmondson,0.446,-,66-82,Grass
Christian Miniussi,0.445,-,53-66,Grass
Sam Querrey,0.443,1,51-64,Grass
Frantisek Pala,0.442,-,61-77,Grass
Pat Dupre,0.442,-,46-58,Grass
Christophe Roger-Vasselin,0.44,-,51-65,Grass
Van Winitsky,0.44,1,44-56,Grass
Juan Antonio Marin,0.438,1,71-91,Grass
Claudio Panatta,0.433,1,78-102,Grass
Roberto Arguello,0.433,1,58-76,Grass
Sargis Sargsian,0.433,-,45-59,Grass
Raymond Moore,0.431,1,84-111,Grass
Eric Deblicker,0.431,-,50-66,Grass
Hans-Joachim Ploetz,0.427,-,44-59,Grass
Hans Kary,0.426,-,104-140,Grass
Vincent Spadea,0.426,-,69-93,Grass
Mike Cahill,0.425,-,48-65,Grass
Daniel Gimeno-Traver,0.424,-,78-106,Grass
Jiri Vanek,0.421,-,48-66,Grass
Paolo Lorenzi,0.42,1,60-83,Grass
Ivo Karlovic,0.42,1,55-76,Grass
Hans Schwaier,0.42,-,50-69,Grass
Julien Benneteau,0.42,-,47-65,Grass
Alejandro Ganzabal,0.419,-,44-61,Grass
Christophe Rochus,0.416,-,69-97,Grass
Oscar Hernandez,0.413,-,59-84,Grass
Antonio Munoz,0.412,-,96-137,Grass
John Lloyd,0.411,-,53-76,Grass
Jose Lopez-Maeso,0.411,-,51-73,Grass
Frew McMillan,0.411,-,46-66,Grass
Nicola Spear,0.41,-,80-115,Grass
Lars Jonsson,0.41,-,48-69,Grass
Belus Prajoux,0.408,-,71-103,Grass
Arnaud Clement,0.408,-,49-71,Grass
Max Mirnyi,0.406,-,41-60,Grass
Colin Dowdeswell,0.405,1,62-91,Grass
Stefano Pescosolido,0.404,-,44-65,Grass
Thierry Champion,0.403,-,58-86,Grass
Gianni Ocleppo,0.4,-,44-66,Grass
Marko Ostoja,0.398,1,49-74,Grass
Alex Calatrava,0.398,1,45-68,Grass
Olivier Rochus,0.394,2,61-94,Grass
Ruben Ramirez Hidalgo,0.394,-,61-94,Grass
Gabriel Urpi,0.394,-,41-63,Grass
Rainer Schuettler,0.393,-,64-99,Grass
Teymuraz Gabashvili,0.39,-,41-64,Grass
Francisco Roig,0.387,-,43-68,Grass
Mark Woodforde,0.387,-,43-68,Grass
Jun Kuki,0.386,-,56-89,Grass
Roberto Azar,0.385,-,47-75,Grass
John Yuill,0.385,-,45-72,Grass
Cassio Motta,0.379,-,58-95,Grass
Steve Krulevitz,0.376,-,56-93,Grass
Paul Kronk,0.374,-,52-87,Grass
Davide Sanguinetti,0.366,-,52-90,Grass
Juan Avendano,0.365,-,38-66,Grass
Ramesh Krishnan,0.362,1,38-67,Grass
Jonas Bjorkman,0.36,-,36-64,Grass
Rick Fagel,0.358,-,39-70,Grass
Sherwood Stewart,0.35,-,36-67,Grass
Thomas Johansson,0.349,-,37-69,Grass
Sashi Menon,0.347,-,35-66,Grass
Alvaro Betancur,0.324,-,33-69,Grass
Ramiro Benavides,0.311,-,41-91,Grass
Jim McManus,0.3,-,30-70,Grass
Elio Lito Alvarez,0.288,-,36-89,Grass
,,,,
Player,Career Index,Career Titles,Career Win/Loss,Surface
Novak Djokovic,0.843,61,613-114,Hard
Roger Federer,0.835,71,783-155,Hard
Jimmy Connors,0.831,43,490-100,Hard
Ivan Lendl,0.826,31,399-84,Hard
Rod Laver,0.826,21,152-32,Hard
John McEnroe,0.816,22,289-65,Hard
Pete Sampras,0.806,36,429-103,Hard
Andre Agassi,0.789,46,592-158,Hard
Stefan Edberg,0.786,22,382-104,Hard
Rafael Nadal,0.779,22,490-139,Hard
Andy Murray,0.776,34,455-131,Hard
Boris Becker,0.774,16,219-64,Hard
Bjorn Borg,0.763,5,116-36,Hard
Arthur Ashe,0.758,8,200-64,Hard
Andy Roddick,0.755,21,426-138,Hard
Miloslav Mecir Sr.,0.748,4,77-26,Hard
Gene Mayer,0.747,8,115-39,Hard
Vitas Gerulaitis,0.732,9,153-56,Hard
Brian Gottfried,0.73,13,243-90,Hard
John Newcombe,0.73,11,143-53,Hard
Ken Rosewall,0.726,7,135-51,Hard
Juan Martin del Potro,0.723,18,311-119,Hard
Mats Wilander,0.723,9,191-73,Hard
Yannick Noah,0.717,7,167-66,Hard
Stan Smith,0.714,15,275-110,Hard
Daniil Medvedev,0.714,10,145-58,Hard
Michael Chang,0.706,22,415-173,Hard
Jim Courier,0.706,17,295-123,Hard
Lleyton Hewitt,0.702,20,372-158,Hard
Eliot Teltscher,0.701,8,157-67,Hard
Guillermo Vilas,0.699,4,107-46,Hard
Tom Okker,0.694,4,163-72,Hard
Milos Raonic,0.69,8,256-115,Hard
Brad Gilbert,0.684,15,322-149,Hard
Cliff Richey,0.68,6,140-66,Hard
Jo-Wilfried Tsonga,0.679,17,315-149,Hard
Marcelo Rios,0.677,8,180-86,Hard
Yevgeny Kafelnikov,0.675,9,256-123,Hard
Roscoe Tanner,0.673,4,191-93,Hard
Kei Nishikori,0.672,10,273-133,Hard
Raul Ramirez,0.671,6,151-74,Hard
Sandy Mayer,0.67,4,118-58,Hard
Patrick Rafter,0.669,7,212-105,Hard
Richard Krajicek,0.667,7,188-94,Hard
Ilie Nastase,0.661,11,166-85,Hard
Michael Stich,0.661,4,121-62,Hard
Gael Monfils,0.66,9,318-164,Hard
Alexander Zverev,0.66,9,159-82,Hard
David Nalbandian,0.656,5,187-98,Hard
Nick Kyrgios,0.656,6,118-62,Hard
Jay Berger,0.656,1,80-42,Hard
Aaron Krickstein,0.653,6,213-113,Hard
Alex de Minaur,0.652,4,86-46,Hard
Eddie Dibbs,0.651,3,82-44,Hard
Tomas Berdych,0.65,9,401-216,Hard
Harold Solomon,0.65,8,160-86,Hard
Andres Gomez,0.65,4,132-71,Hard
Robin Soderling,0.649,5,176-95,Hard
Tim Henman,0.647,8,270-147,Hard
Marin Cilic,0.645,14,322-177,Hard
Thomas Enqvist,0.645,13,294-162,Hard
Todd Martin,0.645,5,231-127,Hard
Stefanos Tsitsipas,0.642,4,102-57,Hard
Tommy Haas,0.641,11,343-192,Hard
Stan Wawrinka,0.638,9,310-176,Hard
Thomas Muster,0.636,3,150-86,Hard
David Ferrer,0.635,12,346-199,Hard
Wayne Ferreira,0.632,11,296-172,Hard
Petr Korda,0.632,6,168-98,Hard
Clark Graebner,0.632,1,86-50,Hard
James Blake,0.631,10,281-164,Hard
Roberto Bautista Agut,0.631,7,209-122,Hard
Amos Mansdorf,0.629,4,212-125,Hard
Andrey Rublev,0.626,6,119-71,Hard
Robert Lutz,0.625,7,167-100,Hard
Wojtek Fibak,0.624,4,111-67,Hard
John Isner,0.623,10,317-192,Hard
Johan Kriek,0.623,5,170-103,Hard
Gustavo Kuerten,0.623,6,147-89,Hard
Nicolas Escude,0.623,4,99-60,Hard
Richard Gasquet,0.617,8,328-204,Hard
Tom Gorman,0.616,6,133-83,Hard
Grigor Dimitrov,0.615,6,222-139,Hard
David Goffin,0.61,4,192-123,Hard
MaliVai Washington,0.61,1,147-94,Hard
Mikael Pernfors,0.61,3,75-48,Hard
Nicolas Kiefer,0.608,5,225-145,Hard
Kevin Anderson,0.607,6,246-159,Hard
Fernando Gonzalez,0.607,2,164-106,Hard
Marat Safin,0.606,10,215-140,Hard
Tomas Smid,0.606,2,117-76,Hard
Cliff Drysdale,0.605,1,101-66,Hard
Mark Philippoussis,0.604,8,180-118,Hard
Ivan Ljubicic,0.602,7,247-163,Hard
Tim Mayotte,0.602,5,130-86,Hard
Roy Emerson,0.6,1,66-44,Hard
Carlos Moya,0.599,4,211-141,Hard
Guy Forget,0.599,7,142-95,Hard
Dominic Thiem,0.598,6,149-100,Hard
Marty Riessen,0.598,1,128-86,Hard
Paradorn Srichaphan,0.597,4,188-127,Hard
Mardy Fish,0.596,4,223-151,Hard
Bob Hewitt,0.595,2,69-47,Hard
Nikolay Davydenko,0.594,8,253-173,Hard
Brian Teacher,0.593,2,108-74,Hard
Greg Rusedski,0.592,7,228-157,Hard
Guillermo Coria,0.591,-,68-47,Hard
Mark Cox,0.588,2,107-75,Hard
Pat Cash,0.586,2,75-53,Hard
Goran Ivanisevic,0.585,3,204-145,Hard
Kevin Curren,0.584,2,146-104,Hard
Emilio Sanchez,0.584,2,104-74,Hard
Heinz Gunthardt,0.584,2,73-52,Hard
Jonas Svensson,0.582,3,89-64,Hard
Jiri Novak,0.581,2,155-112,Hard
Mario Ancic,0.581,-,111-80,Hard
Magnus Norman,0.577,5,113-83,Hard
Gilles Simon,0.576,9,294-216,Hard
Anders Jarryd,0.575,1,122-90,Hard
Marcos Baghdatis,0.574,3,245-182,Hard
Juan Carlos Ferrero,0.571,3,178-134,Hard
Ramesh Krishnan,0.569,6,169-128,Hard
Magnus Larsson,0.569,2,112-85,Hard
Andrei Chesnokov,0.568,3,129-98,Hard
Andrew Pattison,0.568,3,113-86,Hard
Shlomo Glickstein,0.567,1,80-61,Hard
Denis Shapovalov,0.566,1,90-69,Hard
Henry Pfister,0.565,1,95-73,Hard
Sebastien Grosjean,0.564,1,172-133,Hard
Alex Corretja,0.564,6,132-102,Hard
Alexander Volkov,0.563,1,125-97,Hard
Thomas Johansson,0.562,4,200-156,Hard
Jaime Yzaga,0.562,5,141-110,Hard
Hyeon Chung,0.562,-,68-53,Hard
Andrei Medvedev,0.561,2,87-68,Hard
Jan-Michael Gambill,0.56,3,163-128,Hard
Jakob Hlasek,0.559,2,152-120,Hard
Henri Leconte,0.559,1,90-71,Hard
Jan Kodes,0.559,1,76-60,Hard
Sam Querrey,0.557,8,255-203,Hard
Bill Scanlon,0.557,3,103-82,Hard
Sergi Bruguera,0.557,1,98-78,Hard
Gerald Battrick,0.557,1,59-47,Hard
Tommy Robredo,0.556,1,228-182,Hard
Pablo Carreno Busta,0.556,3,109-87,Hard
Peter Fleming,0.556,1,90-72,Hard
Cedric Pioline,0.555,1,151-121,Hard
Mel Purcell,0.555,3,71-57,Hard
Radek Stepanek,0.554,5,214-172,Hard
Guillermo Canas,0.554,3,98-79,Hard
Tim Gullikson,0.553,1,89-72,Hard
Darren Cahill,0.553,-,63-51,Hard
Jerome Golmard,0.552,2,85-69,Hard
David Wheaton,0.551,-,125-102,Hard
Richey Reneberg,0.55,1,172-141,Hard
Karol Kucera,0.55,3,122-100,Hard
Jack Sock,0.55,3,121-99,Hard
Mikhail Youzhny,0.549,6,268-220,Hard
Mark Woodforde,0.548,4,190-157,Hard
Scott Davis,0.547,3,129-107,Hard
Jimmy Arias,0.545,-,120-100,Hard
Jan Gunnarsson,0.545,1,66-55,Hard
Magnus Gustafsson,0.544,2,86-72,Hard
Marc Rosset,0.543,4,158-133,Hard
Bernard Tomic,0.543,4,127-107,Hard
Philipp Kohlschreiber,0.542,1,232-196,Hard
John Alexander,0.542,3,103-87,Hard
Arnaud Boetsch,0.542,2,83-70,Hard
Janko Tipsarevic,0.541,3,173-147,Hard
Karen Khachanov,0.541,4,98-83,Hard
Luiz Mattar,0.541,4,85-72,Hard
Marton Fucsovics,0.541,-,59-50,Hard
Christian Bergstrom,0.54,-,68-58,Hard
Jarkko Nieminen,0.539,2,251-215,Hard
Dominik Hrbaty,0.539,4,181-155,Hard
Victor Amaya,0.538,-,56-48,Hard
Greg Holmes,0.538,-,56-48,Hard
Fernando Verdasco,0.537,2,262-226,Hard
Lucas Pouille,0.537,3,80-69,Hard
Fabrice Santoro,0.536,3,246-213,Hard
Wally Masur,0.536,1,142-123,Hard
Jaime Fillol Sr.,0.536,-,112-97,Hard
Filip Krajinovic,0.536,-,67-58,Hard
Jonas Bjorkman,0.535,3,240-209,Hard
Tim Wilkison,0.535,4,139-121,Hard
Alexandr Dolgopolov,0.535,1,137-119,Hard
Raymond Moore,0.534,-,132-115,Hard
Dan Goldie,0.534,1,79-69,Hard
Derrick Rostagno,0.533,1,112-98,Hard
Kyle Edmund,0.533,2,80-70,Hard
Mikael Tillstrom,0.533,1,65-57,Hard
Paul Haarhuis,0.532,1,117-103,Hard
Jerzy Janowicz,0.532,-,67-59,Hard
Sjeng Schalken,0.531,6,155-137,Hard
Borna Coric,0.531,-,104-92,Hard
Todd Woodbridge,0.53,1,151-134,Hard
Gilles Muller,0.529,1,156-139,Hard
David Pate,0.529,2,109-97,Hard
Diego Schwartzman,0.529,1,83-74,Hard
Taylor Dent,0.526,2,112-101,Hard
Peter Lundgren,0.526,2,81-73,Hard
Rainer Schuettler,0.525,3,196-177,Hard
Viktor Troicki,0.525,3,191-173,Hard
Daniel Evans,0.525,1,64-58,Hard
Dmitry Tursunov,0.524,5,152-138,Hard
Carl-Uwe Steeb,0.524,-,65-59,Hard
Vijay Amritraj,0.523,1,92-84,Hard
Sammy Giammalva Jr.,0.523,1,79-72,Hard
Ricardas Berankis,0.522,-,97-89,Hard
Ivo Karlovic,0.521,4,234-215,Hard
Bernard Mitton,0.519,1,84-78,Hard
Chris Woodruff,0.519,1,68-63,Hard
Jason Stoltenberg,0.518,-,172-160,Hard
Jan Siemerink,0.514,2,128-121,Hard
Robby Ginepri,0.513,2,142-135,Hard
Todd Witsken,0.513,-,81-77,Hard
Yoshihito Nishioka,0.512,1,63-60,Hard
Jurgen Melzer,0.511,4,180-172,Hard
Charlie Pasarell,0.511,2,93-89,Hard
Arnaud Clement,0.509,3,178-172,Hard
Max Mirnyi,0.508,1,130-126,Hard
Chuck Adams,0.507,1,68-66,Hard
Kenneth Carlsen,0.506,3,164-160,Hard
Taylor Fritz,0.506,-,78-76,Hard
Ernests Gulbis,0.505,5,142-139,Hard
Haroon Rahim,0.505,1,53-52,Hard
Robert Seguso,0.505,-,52-51,Hard
Terry Moor,0.504,1,62-61,Hard
Slobodan Zivojinovic,0.504,1,61-60,Hard
Pat Dupre,0.504,1,57-56,Hard
Feliciano Lopez,0.503,2,274-271,Hard
Byron Black,0.503,2,149-147,Hard
Jim Grabb,0.502,1,127-126,Hard
Patrick McEnroe,0.5,1,96-96,Hard
Younes El Aynaoui,0.5,1,92-92,Hard
Juan Ignacio Chela,0.498,-,121-122,Hard
Brett Steven,0.497,-,92-93,Hard
Christo Van Rensburg,0.497,2,86-87,Hard
Jeff Borowiak,0.497,1,83-84,Hard
Tom Gullikson,0.497,-,83-84,Hard
Roger Taylor,0.496,-,60-61,Hard
Albert Costa,0.495,-,104-106,Hard
Julien Benneteau,0.494,-,176-180,Hard
Xavier Malisse,0.494,3,165-169,Hard
Vincent Spadea,0.493,1,198-204,Hard
Dick Stockton,0.493,2,67-69,Hard
Felix Mantilla,0.493,-,67-69,Hard
Gilad Bloom,0.492,-,64-66,Hard
Andrei Pavel,0.491,2,113-117,Hard
Kim Warwick,0.491,1,57-59,Hard
Andrei Cherkasov,0.49,-,70-73,Hard
Vasek Pospisil,0.488,-,105-110,Hard
Steve Johnson,0.487,-,109-115,Hard
John Fitzgerald,0.487,2,94-99,Hard
Onny Parun,0.487,2,76-80,Hard
Colin Dibley,0.487,1,75-79,Hard
Jeremy Chardy,0.486,-,158-167,Hard
Phil Dent,0.486,-,68-72,Hard
Karel Novacek,0.486,2,54-57,Hard
Bohdan Ulihrach,0.485,-,79-84,Hard
Fred Stolle,0.485,1,50-53,Hard
Nick Saviano,0.484,1,75-80,Hard
Hyung-Taik Lee,0.483,1,100-107,Hard
Nicolas Lapentti,0.482,1,110-118,Hard
Shuzo Matsuoka,0.482,1,92-99,Hard
Bruce Manson,0.482,-,54-58,Hard
Somdev Devvarman,0.482,-,53-57,Hard
Henrik Holm,0.481,-,51-55,Hard
Fabio Fognini,0.48,1,142-154,Hard
Richard Fromberg,0.479,1,104-113,Hard
Trey Waltke,0.479,-,58-63,Hard
Olivier Rochus,0.478,-,120-131,Hard
Jan-Lennard Struff,0.478,-,87-95,Hard
Illya Marchenko,0.478,-,55-60,Hard
Sergiy Stakhovsky,0.477,3,113-124,Hard
Hicham Arazi,0.476,-,79-87,Hard
Damir Dzumhur,0.475,2,77-85,Hard
Igor Andreev,0.474,-,92-102,Hard
Nikoloz Basilashvili,0.474,2,64-71,Hard
Scott Draper,0.474,-,64-71,Hard
Francisco Clavet,0.473,1,104-116,Hard
Mark Edmondson,0.473,-,52-58,Hard
Nicolas Almagro,0.472,-,101-113,Hard
John Lloyd,0.472,-,60-67,Hard
Jim Pugh,0.471,-,48-54,Hard
John Sadri,0.47,1,55-62,Hard
Vincent Van Patten,0.47,-,55-62,Hard
Mikhail Kukushkin,0.469,1,115-130,Hard
Erik Van Dillen,0.468,-,72-82,Hard
Steve Darcis,0.468,1,65-74,Hard
Kelly Evernden,0.467,2,70-80,Hard
Jeff Tarango,0.466,2,146-167,Hard
Marcos Ondruska,0.466,-,75-86,Hard
Adrian Mannarino,0.465,-,144-166,Hard
John Millman,0.465,1,67-77,Hard
Michiel Schapers,0.465,-,66-76,Hard
Paul-Henri Mathieu,0.464,-,127-147,Hard
Paul Annacone,0.463,1,56-65,Hard
Frew McMillan,0.462,-,61-71,Hard
Aljaz Bedene,0.462,-,60-70,Hard
Patrik Kuhnen,0.462,-,55-64,Hard
Guillaume Raoux,0.461,1,95-111,Hard
Andreas Seppi,0.46,1,184-216,Hard
Philipp Petzschner,0.46,1,52-61,Hard
Juan Monaco,0.459,1,96-113,Hard
Marty Davis,0.459,-,72-85,Hard
Ove Nils Bengtson,0.459,-,50-59,Hard
Martin Klizan,0.458,2,70-83,Hard
Ryan Harrison,0.457,1,91-108,Hard
Stefano Pescosolido,0.457,2,53-63,Hard
Denis Istomin,0.456,1,129-154,Hard
Michael Llodra,0.456,3,113-135,Hard
Sherwood Stewart,0.456,1,47-56,Hard
Benoit Paire,0.455,-,121-145,Hard
Daniel Vacek,0.455,-,87-104,Hard
Jonathan Stark,0.455,-,85-102,Hard
Agustin Calleri,0.455,-,66-79,Hard
Chip Hooper,0.455,-,46-55,Hard
Ivan Dodig,0.454,1,74-89,Hard
Javier Sanchez,0.452,1,89-108,Hard
Joao Sousa,0.451,2,102-124,Hard
Olivier Delaitre,0.45,-,67-82,Hard
Nicolas Massu,0.448,1,77-95,Hard
Russell Simpson,0.448,-,60-74,Hard
Renzo Furlan,0.448,1,56-69,Hard
Dudi Sela,0.447,-,105-130,Hard
Ismail El Shafei,0.447,-,46-57,Hard
Alex Antonitsch,0.446,1,50-62,Hard
Bob Carmichael,0.446,-,50-62,Hard
Markus Zoecke,0.446,1,45-56,Hard
Stefan Koubek,0.445,2,97-121,Hard
Pierre-Hugues Herbert,0.443,-,62-78,Hard
Ramon Delgado,0.442,-,53-67,Hard
Javier Frana,0.442,1,50-63,Hard
Jim McManus,0.442,-,46-58,Hard
Robin Haase,0.441,-,119-151,Hard
Davide Sanguinetti,0.44,1,80-102,Hard
Grant Connell,0.44,-,55-70,Hard
Bernd Karbacher,0.44,-,51-65,Hard
Malek Jaziri,0.439,-,69-88,Hard
Simon Youl,0.439,2,54-69,Hard
Florian Mayer,0.438,-,102-131,Hard
Frances Tiafoe,0.438,1,57-73,Hard
Wayne Arthurs,0.436,1,71-92,Hard
Lionel Roux,0.435,-,54-70,Hard
Adrian Voinea,0.435,-,47-61,Hard
Radu Albot,0.432,1,54-71,Hard
Wayne Black,0.431,-,50-66,Hard
Sebastien Lareau,0.43,-,65-86,Hard
Matt Anger,0.43,1,46-61,Hard
Leonardo Mayer,0.429,-,70-93,Hard
Marinko Matosevic,0.429,-,48-64,Hard
Grant Stafford,0.427,-,53-71,Hard
Danie Visser,0.427,-,50-67,Hard
Alex O'Brien,0.425,1,62-84,Hard
Daniel Nestor,0.424,-,53-72,Hard
Ross Case,0.423,-,44-60,Hard
Yen-Hsun Lu,0.422,-,124-170,Hard
Sandon Stolle,0.422,-,57-78,Hard
Marc Gicquel,0.422,-,43-59,Hard
Jan Hernych,0.422,-,43-59,Hard
Donald Young,0.421,-,102-140,Hard
Nicklas Kulti,0.421,2,53-73,Hard
Gaston Gaudio,0.421,-,48-66,Hard
Guillermo Garcia-Lopez,0.42,2,132-182,Hard
Lukas Lacko,0.42,-,74-102,Hard
Paul Goldstein,0.419,-,62-86,Hard
Jiri Vesely,0.419,2,54-75,Hard
Gianluca Pozzi,0.417,1,106-148,Hard
Florent Serra,0.417,1,65-91,Hard
Gary Muller,0.417,-,53-74,Hard
Martin Damm,0.416,-,77-108,Hard
Francisco Gonzalez,0.415,-,44-62,Hard
Marcel Granollers,0.413,1,83-118,Hard
Michael Berrer,0.413,-,66-94,Hard
Alex Bogomolov Jr.,0.413,-,57-81,Hard
Guido Pella,0.413,-,43-61,Hard
Nicolas Mahut,0.412,-,94-134,Hard
Pablo Cuevas,0.412,-,63-90,Hard
Jean-Philippe Fleurian,0.41,-,59-85,Hard
Jeremy Bates,0.409,1,56-81,Hard
Mischa Zverev,0.408,-,78-113,Hard
Cristiano Caratti,0.407,-,46-67,Hard
Benjamin Becker,0.404,-,105-155,Hard
Dusan Lajovic,0.404,-,59-87,Hard
Cyril Saulnier,0.403,-,48-71,Hard
Jimmy Brown,0.402,-,43-64,Hard
Bjorn Phau,0.4,-,56-84,Hard
Edouard Roger-Vasselin,0.4,-,48-72,Hard
Antony Dupuis,0.4,-,40-60,Hard
Sargis Sargsian,0.397,-,69-105,Hard
Matthew Ebden,0.397,-,58-88,Hard
David Prinosil,0.396,-,61-93,Hard
Andrey Golubev,0.396,-,44-67,Hard
Glenn Michibata,0.394,-,43-66,Hard
Alejandro Falla,0.392,-,65-101,Hard
Lars Burgsmuller,0.392,1,51-79,Hard
Thomaz Bellucci,0.391,-,66-103,Hard
Andrew Ilie,0.39,-,41-64,Hard
Justin Gimelstob,0.388,-,73-115,Hard
Lukas Rosol,0.388,1,62-98,Hard
Santiago Giraldo,0.386,-,61-97,Hard
Nicolas Pereira,0.385,-,40-64,Hard
Mariano Zabaleta,0.383,-,51-82,Hard
Jose Acasuso,0.382,-,42-68,Hard
Frank Dancevic,0.38,-,41-67,Hard
Igor Kunitsyn,0.379,1,58-95,Hard
Fernando Vicente,0.379,-,39-64,Hard
Cecil Mamiit,0.377,-,46-76,Hard
Andrea Gaudenzi,0.375,-,42-70,Hard
Michael Russell,0.374,-,55-92,Hard
Bryan Shelton,0.373,-,41-69,Hard
Albert Ramos-Vinolas,0.37,-,64-109,Hard
Go Soeda,0.368,-,39-67,Hard
Teymuraz Gabashvili,0.367,-,65-112,Hard
Evgeny Donskoy,0.364,-,44-77,Hard
Simone Bolelli,0.362,-,50-88,Hard
Paolo Lorenzi,0.36,-,45-80,Hard
Karol Beck,0.36,-,40-71,Hard
Lukasz Kubot,0.359,-,37-66,Hard
Thomas Hogstedt,0.354,-,46-84,Hard
Brad Drewett,0.353,-,48-88,Hard
Marco Chiudinelli,0.35,-,36-67,Hard
Fernando Meligeni,0.349,-,38-71,Hard
Ronald Agenor,0.348,-,40-75,Hard
Alberto Martin,0.346,-,53-100,Hard
Kevin Kim,0.346,-,36-68,Hard
Victor Hanescu,0.338,-,53-104,Hard
Rajeev Ram,0.327,-,34-70,Hard
Christophe Rochus,0.323,-,41-86,Hard
Albert Montanes,0.301,-,37-86,Hard
Pablo Andujar,0.286,-,38-95,Hard
,,,,
Player,Career Index,Career Titles,Career Win/Loss,Surface
Rafael Nadal,0.918,60,445-40,Clay
Bjorn Borg,0.861,32,285-46,Clay
Ivan Lendl,0.81,28,329-77,Clay
Novak Djokovic,0.801,15,225-56,Clay
Guillermo Vilas,0.797,49,681-173,Clay
Ilie Nastase,0.79,31,426-113,Clay
Ken Rosewall,0.788,12,134-36,Clay
Jose-Luis Clerc,0.773,21,307-90,Clay
Manuel Orantes,0.77,31,569-170,Clay
Thomas Muster,0.77,40,426-127,Clay
Jimmy Connors,0.768,12,208-63,Clay
Mats Wilander,0.767,20,264-80,Clay
Roger Federer,0.761,11,223-70,Clay
Kent Carlsson,0.761,9,153-48,Clay
Rod Laver,0.756,10,121-39,Clay
Dominic Thiem,0.751,10,142-47,Clay
Yannick Noah,0.739,11,210-74,Clay
Eddie Dibbs,0.735,13,382-138,Clay
Tom Okker,0.734,12,207-75,Clay
Juan Carlos Ferrero,0.728,13,254-95,Clay
Cliff Richey,0.727,8,165-62,Clay
Andre Agassi,0.727,7,152-57,Clay
John McEnroe,0.721,4,124-48,Clay
Guillermo Coria,0.717,8,134-53,Clay
Raul Ramirez,0.713,7,219-88,Clay
John Newcombe,0.711,6,140-57,Clay
Tony Roche,0.708,5,75-31,Clay
Arthur Ashe,0.706,5,175-73,Clay
Juan Martin del Potro,0.706,4,84-35,Clay
Fernando Gonzalez,0.705,8,167-70,Clay
David Ferrer,0.704,13,335-141,Clay
Carlos Moya,0.702,16,337-143,Clay
Andres Gomez,0.701,16,329-140,Clay
Stan Smith,0.7,3,156-67,Clay
Alexander Zverev,0.7,5,77-33,Clay
Gustavo Kuerten,0.699,14,181-78,Clay
Jan Kodes,0.696,6,309-135,Clay
Andy Murray,0.695,3,107-47,Clay
Harold Solomon,0.693,8,287-127,Clay
Andres Gimeno,0.693,4,95-42,Clay
Martin Mulligan,0.691,-,105-47,Clay
Kei Nishikori,0.691,2,96-43,Clay
Vitas Gerulaitis,0.69,7,127-57,Clay
Marcelo Rios,0.688,9,179-81,Clay
Sergi Bruguera,0.687,13,296-135,Clay
Balazs Taroczy,0.685,13,294-135,Clay
Jim Courier,0.685,5,115-53,Clay
Jose Higueras,0.684,15,394-182,Clay
Adriano Panatta,0.683,9,273-127,Clay
Stefan Edberg,0.683,3,138-64,Clay
Cliff Drysdale,0.682,1,101-47,Clay
Henrik Sundstrom,0.674,5,130-63,Clay
Andrei Medvedev,0.673,9,171-83,Clay
Michael Stich,0.673,3,105-51,Clay
Miloslav Mecir Sr.,0.669,4,97-48,Clay
David Nalbandian,0.667,4,138-69,Clay
Alex Corretja,0.664,10,292-148,Clay
Albert Costa,0.664,12,271-137,Clay
Tommy Robredo,0.664,11,261-132,Clay
Martin Jaite,0.664,9,231-117,Clay
Stan Wawrinka,0.664,7,184-93,Clay
Joakim Nystrom,0.664,7,142-72,Clay
Boris Becker,0.663,-,120-61,Clay
Guillermo Perez-Roldan,0.661,9,234-120,Clay
Felix Mantilla,0.658,10,235-122,Clay
Gaston Gaudio,0.658,8,210-109,Clay
Buster C. Mottram,0.658,1,154-80,Clay
Wojtek Fibak,0.657,3,243-127,Clay
Nicolas Almagro,0.656,13,279-146,Clay
Bob Hewitt,0.655,4,110-58,Clay
Magnus Gustafsson,0.651,8,213-114,Clay
Peter McNamara,0.65,3,119-64,Clay
Zeljko Franulovic,0.649,11,301-163,Clay
Tomas Smid,0.649,4,266-144,Clay
Michael Chang,0.648,4,107-58,Clay
Alberto Berasategui,0.647,14,238-130,Clay
Ion Tiriac,0.646,2,164-90,Clay
Brian Gottfried,0.644,4,170-94,Clay
Emilio Sanchez,0.642,13,301-168,Clay
Jaime Fillol Sr.,0.641,4,293-164,Clay
Roy Emerson,0.64,3,64-36,Clay
Jo-Wilfried Tsonga,0.638,1,90-51,Clay
Andrei Chesnokov,0.637,4,167-95,Clay
Tomas Berdych,0.637,2,158-90,Clay
Milos Raonic,0.637,-,65-37,Clay
Andy Roddick,0.636,5,75-43,Clay
Marty Riessen,0.633,1,112-65,Clay
Dick Stockton,0.633,1,100-58,Clay
Lleyton Hewitt,0.632,2,98-57,Clay
John Alexander,0.63,2,223-131,Clay
Eliot Teltscher,0.629,-,127-75,Clay
Roscoe Tanner,0.629,3,100-59,Clay
Juan Monaco,0.626,8,236-141,Clay
Pete Sampras,0.625,3,90-54,Clay
Robin Soderling,0.623,2,86-52,Clay
Richard Gasquet,0.622,3,143-87,Clay
Francois Jauffret,0.621,2,175-107,Clay
Victor Pecci,0.62,10,287-176,Clay
Marin Cilic,0.62,2,124-76,Clay
Gene Mayer,0.62,2,85-52,Clay
Goran Ivanisevic,0.618,3,141-87,Clay
Karel Novacek,0.617,10,187-116,Clay
Nikolay Davydenko,0.611,10,185-118,Clay
Fernando Verdasco,0.61,5,230-147,Clay
Hans Gildemeister,0.608,4,203-131,Clay
Jimmy Arias,0.608,5,144-93,Clay
Corrado Barazzutti,0.607,4,239-155,Clay
Paolo Bertolucci,0.607,6,181-117,Clay
David Goffin,0.607,1,71-46,Clay
Gael Monfils,0.606,1,129-84,Clay
Magnus Norman,0.606,7,109-71,Clay
Pablo Cuevas,0.601,6,161-107,Clay
Carlos Costa,0.599,6,196-131,Clay
Henri Leconte,0.599,5,163-109,Clay
Agustin Calleri,0.598,2,134-90,Clay
Richard Krajicek,0.598,1,79-53,Clay
Tommy Haas,0.597,2,135-91,Clay
Marat Safin,0.596,2,121-82,Clay
Juan Ignacio Chela,0.595,6,197-134,Clay
Roberto Bautista Agut,0.594,1,76-52,Clay
Horst Skoff,0.591,3,178-123,Clay
Jose Acasuso,0.591,3,146-101,Clay
Fabio Fognini,0.588,8,210-147,Clay
Younes El Aynaoui,0.588,4,151-106,Clay
Aaron Krickstein,0.587,2,122-86,Clay
Mariano Puerta,0.587,3,108-76,Clay
Grigor Dimitrov,0.587,1,71-50,Clay
Guillermo Canas,0.585,4,121-86,Clay
Alberto Mancini,0.584,3,115-82,Clay
Diego Schwartzman,0.583,3,88-63,Clay
Sebastien Grosjean,0.583,-,88-63,Clay
Wayne Ferreira,0.581,1,90-65,Clay
Mario Martinez,0.58,3,80-58,Clay
Yevgeny Kafelnikov,0.578,3,141-103,Clay
Mark Cox,0.578,2,89-65,Clay
Petr Korda,0.578,-,89-65,Clay
Todd Martin,0.578,2,67-49,Clay
Jason Stoltenberg,0.578,3,59-43,Clay
Nicolas Massu,0.577,5,162-119,Clay
Francisco Clavet,0.576,7,264-194,Clay
Terry Moor,0.576,1,102-75,Clay
Roger Taylor,0.576,1,99-73,Clay
Mel Purcell,0.574,-,89-66,Clay
Patrick Proisy,0.57,1,166-125,Clay
Chris Lewis,0.57,2,118-89,Clay
Magnus Larsson,0.57,2,110-83,Clay
Javier Frana,0.57,1,65-49,Clay
Martin Klizan,0.568,4,75-57,Clay
Philipp Kohlschreiber,0.565,6,175-135,Clay
Gilles Simon,0.565,5,144-111,Clay
Heinz Gunthardt,0.565,1,105-81,Clay
Ivan Ljubicic,0.565,-,105-81,Clay
Jiri Novak,0.564,4,128-99,Clay
Juan Gisbert Sr,0.564,1,123-95,Clay
Karl Meiler,0.564,2,114-88,Clay
Jarkko Nieminen,0.564,-,114-88,Clay
Slava Dosedel,0.563,3,147-114,Clay
Nicolas Lapentti,0.562,3,182-142,Clay
Thomaz Bellucci,0.559,4,128-101,Clay
Thierry Tulasne,0.558,4,173-137,Clay
Anders Jarryd,0.558,1,86-68,Clay
Thomaz Koch,0.558,1,72-57,Clay
Goran Prpic,0.556,1,95-76,Clay
Ray Ruffels,0.556,-,65-52,Clay
Ulrich Pinner,0.555,2,111-89,Clay
Andrea Gaudenzi,0.554,3,164-132,Clay
Mariano Zabaleta,0.554,3,149-120,Clay
Federico Delbonis,0.553,2,109-88,Clay
Dick Crealy,0.552,2,155-126,Clay
Radek Stepanek,0.552,-,101-82,Clay
Fernando Meligeni,0.551,3,161-131,Clay
Horacio de la Pena,0.55,4,164-134,Clay
Barry Phillips-Moore,0.55,-,137-112,Clay
Nikola Pilic,0.55,1,105-86,Clay
Albert Ramos-Vinolas,0.548,2,155-128,Clay
Pierre Barthes,0.548,-,74-61,Clay
Juan Aguilera,0.546,5,136-113,Clay
Harald Elschenbroich,0.546,-,95-79,Clay
Luis Horna,0.545,2,102-85,Clay
Guido Pella,0.545,1,61-51,Clay
John Isner,0.543,1,70-59,Clay
Victor Hanescu,0.542,1,130-110,Clay
Jakob Hlasek,0.542,-,103-87,Clay
Jaime Yzaga,0.541,3,100-85,Clay
Lawson Duncan,0.541,-,93-79,Clay
Marcelo Filippini,0.54,5,211-180,Clay
Franco Squillari,0.538,3,128-110,Clay
Andrei Pavel,0.538,1,106-91,Clay
Geoff Masters,0.538,-,78-67,Clay
Javier Sanchez,0.537,3,216-186,Clay
Phil Dent,0.537,-,116-100,Clay
Paolo Cane,0.537,3,94-81,Clay
Andrew Pattison,0.537,1,72-62,Clay
Filippo Volandri,0.536,2,165-143,Clay
Dominik Hrbaty,0.536,2,133-115,Clay
Cedric Pioline,0.536,2,118-102,Clay
Libor Pimek,0.536,1,74-64,Clay
Jordi Arrese,0.535,5,213-185,Clay
Pablo Carreno Busta,0.535,1,85-74,Clay
Igor Andreev,0.534,2,118-103,Clay
Hans-Jurgen Pohmann,0.534,1,93-81,Clay
Albert Montanes,0.533,6,212-186,Clay
Pablo Arraya,0.533,1,154-135,Clay
Robert Lutz,0.532,-,59-52,Clay
Brian Fairlie,0.531,1,86-76,Clay
Bernd Karbacher,0.531,2,77-68,Clay
Potito Starace,0.529,-,129-115,Clay
Tim Henman,0.529,-,63-56,Clay
Karim Alami,0.528,2,122-109,Clay
Ross Case,0.528,2,84-75,Clay
Kevin Anderson,0.528,-,57-51,Clay
Francesco Cancellotti,0.527,2,109-98,Clay
Pavel Slozil,0.527,1,98-88,Clay
Guy Forget,0.526,1,101-91,Clay
Lukas Rosol,0.525,1,53-48,Clay
Jiri Hrebec,0.524,-,109-99,Clay
Ernests Gulbis,0.524,1,76-69,Clay
Fernando Luna,0.523,-,174-159,Clay
Jeremy Chardy,0.523,1,103-94,Clay
Leonardo Mayer,0.522,2,93-85,Clay
Ronald Agenor,0.52,2,144-133,Clay
Jurgen Melzer,0.519,1,123-114,Clay
Jeff Borowiak,0.519,3,97-90,Clay
Marian Vajda,0.519,2,94-87,Clay
Gilbert Schaller,0.518,1,103-96,Clay
Alberto Martin,0.516,3,157-147,Clay
Bohdan Ulihrach,0.516,3,116-109,Clay
Jose Edison Mandarino,0.516,-,66-62,Clay
Tomas Carbonell,0.515,2,141-133,Clay
Marc-Kevin Goellner,0.515,2,87-82,Clay
Brian Teacher,0.515,-,52-49,Clay
Santiago Giraldo,0.514,-,94-89,Clay
Hernan Gumy,0.514,1,89-84,Clay
Aljaz Bedene,0.514,-,55-52,Clay
Mikhail Youzhny,0.511,3,134-128,Clay
Robin Haase,0.511,2,89-85,Clay
Vijay Amritraj,0.51,3,74-71,Clay
Diego Perez,0.509,1,173-167,Clay
Christian Ruud,0.509,-,87-84,Clay
Benoit Paire,0.509,3,81-78,Clay
Markus Hipfl,0.509,-,56-54,Clay
Franco Davin,0.508,3,151-146,Clay
Tom Gorman,0.508,-,64-62,Clay
Paul McNamee,0.507,-,113-110,Clay
Dusan Lajovic,0.507,1,76-74,Clay
Janko Tipsarevic,0.507,1,70-68,Clay
Viktor Troicki,0.507,-,70-68,Clay
Marc Rosset,0.506,3,118-115,Clay
Pablo Andujar,0.505,4,105-103,Clay
Jiri Vesely,0.505,-,55-54,Clay
Richard Fromberg,0.504,3,128-126,Clay
Vladimir Zednik,0.504,1,62-61,Clay
Stefan Koubek,0.503,1,95-94,Clay
Hicham Arazi,0.503,1,92-91,Clay
Patrice Dominguez,0.503,-,91-90,Clay
Colin Dibley,0.503,1,86-85,Clay
Luiz Mattar,0.503,1,82-81,Clay
David Sanchez,0.503,2,77-76,Clay
Onny Parun,0.502,1,138-137,Clay
Renzo Furlan,0.5,1,133-133,Clay
Florian Mayer,0.5,1,100-100,Clay
Kim Warwick,0.5,1,85-85,Clay
Gerald Battrick,0.5,2,76-76,Clay
Jimmy Brown,0.497,-,93-94,Clay
Charlie Pasarell,0.496,-,60-61,Clay
Xavier Malisse,0.496,-,58-59,Clay
Guillermo Garcia-Lopez,0.495,3,135-138,Clay
Claudio Mezzadri,0.495,1,90-92,Clay
Jonas Svensson,0.493,-,68-70,Clay
Pedro Rebolledo,0.492,2,93-96,Clay
Alexandr Dolgopolov,0.492,2,61-63,Clay
Joao Sousa,0.491,1,80-83,Clay
Boro Jovanovic,0.491,-,52-54,Clay
Andreas Seppi,0.49,1,129-134,Clay
Feliciano Lopez,0.49,1,128-133,Clay
Ismail El Shafei,0.489,1,109-114,Clay
Antonio Zugarelli,0.489,1,88-92,Clay
Angel Gimenez,0.487,2,77-81,Clay
Ricardo Cano,0.486,-,139-147,Clay
Paul-Henri Mathieu,0.486,2,108-114,Clay
Jurgen Fassbender,0.484,1,90-96,Clay
Rolf Gehring,0.484,1,76-81,Clay
Simone Bolelli,0.483,-,56-60,Clay
Ivan Molina,0.482,-,133-143,Clay
Fabrice Santoro,0.482,-,132-142,Clay
Allan Stone,0.482,-,55-59,Clay
Marcel Granollers,0.479,3,102-111,Clay
Thomas Enqvist,0.479,2,58-63,Clay
Carl-Uwe Steeb,0.478,2,86-94,Clay
Andrei Cherkasov,0.478,-,76-83,Clay
Jan Gunnarsson,0.476,-,88-97,Clay
Karol Kucera,0.475,-,76-84,Clay
Arnaud Boetsch,0.475,-,58-64,Clay
Albert Portas,0.474,1,127-141,Clay
Jordi Burillo,0.473,1,70-78,Clay
Andreas Maurer,0.471,1,88-99,Clay
Eduardo Bengoechea,0.47,-,86-97,Clay
Bob Carmichael,0.47,-,71-80,Clay
Kjell Johansson,0.469,-,76-86,Clay
Galo Blanco,0.468,1,111-126,Clay
Sjeng Schalken,0.468,1,66-75,Clay
Ricardo Ycaza,0.468,-,65-74,Clay
Adrian Voinea,0.467,1,70-80,Clay
Marcos Hocevar,0.467,-,49-56,Clay
Patricio Cornejo,0.466,-,103-118,Clay
Nicklas Kulti,0.465,-,53-61,Clay
Fernando Vicente,0.464,3,111-128,Clay
Julian Ganzabal,0.462,-,54-63,Clay
Florent Serra,0.462,1,48-56,Clay
Carlos Berlocq,0.461,2,100-117,Clay
Omar Camporese,0.461,-,71-83,Clay
Milan Holecek,0.461,-,59-69,Clay
Claudio Pistolesi,0.46,1,74-87,Clay
Nicolas Kiefer,0.46,-,57-67,Clay
James Blake,0.46,-,46-54,Clay
Stefan Simonsson,0.459,-,62-73,Clay
Dominique Bedel,0.458,1,49-58,Clay
Carlos Kirmayr,0.457,-,84-100,Clay
Paul Haarhuis,0.457,-,64-76,Clay
Sergio Casal,0.455,1,80-96,Clay
Christian Bergstrom,0.455,-,46-55,Clay
Denis Istomin,0.454,-,59-71,Clay
Horacio Zeballos,0.453,1,58-70,Clay
Damir Keretic,0.451,-,69-84,Clay
Jeff Tarango,0.449,-,48-59,Clay
Jairo Velasco Sr,0.448,-,121-149,Clay
Georges Goven,0.448,1,117-144,Clay
Peter Elter,0.448,-,65-80,Clay
Jaime Pinto-Bravo,0.447,-,67-83,Clay
Jean-Francois Caujolle,0.446,-,66-82,Clay
Mark Edmondson,0.446,-,66-82,Clay
Christian Miniussi,0.445,-,53-66,Clay
Sam Querrey,0.443,1,51-64,Clay
Frantisek Pala,0.442,-,61-77,Clay
Pat Dupre,0.442,-,46-58,Clay
Christophe Roger-Vasselin,0.44,-,51-65,Clay
Van Winitsky,0.44,1,44-56,Clay
Juan Antonio Marin,0.438,1,71-91,Clay
Claudio Panatta,0.433,1,78-102,Clay
Roberto Arguello,0.433,1,58-76,Clay
Sargis Sargsian,0.433,-,45-59,Clay
Raymond Moore,0.431,1,84-111,Clay
Eric Deblicker,0.431,-,50-66,Clay
Hans-Joachim Ploetz,0.427,-,44-59,Clay
Hans Kary,0.426,-,104-140,Clay
Vincent Spadea,0.426,-,69-93,Clay
Mike Cahill,0.425,-,48-65,Clay
Daniel Gimeno-Traver,0.424,-,78-106,Clay
Jiri Vanek,0.421,-,48-66,Clay
Paolo Lorenzi,0.42,1,60-83,Clay
Ivo Karlovic,0.42,1,55-76,Clay
Hans Schwaier,0.42,-,50-69,Clay
Julien Benneteau,0.42,-,47-65,Clay
Alejandro Ganzabal,0.419,-,44-61,Clay
Christophe Rochus,0.416,-,69-97,Clay
Oscar Hernandez,0.413,-,59-84,Clay
Antonio Munoz,0.412,-,96-137,Clay
John Lloyd,0.411,-,53-76,Clay
Jose Lopez-Maeso,0.411,-,51-73,Clay
Frew McMillan,0.411,-,46-66,Clay
Nicola Spear,0.41,-,80-115,Clay
Lars Jonsson,0.41,-,48-69,Clay
Belus Prajoux,0.408,-,71-103,Clay
Arnaud Clement,0.408,-,49-71,Clay
Max Mirnyi,0.406,-,41-60,Clay
Colin Dowdeswell,0.405,1,62-91,Clay
Stefano Pescosolido,0.404,-,44-65,Clay
Thierry Champion,0.403,-,58-86,Clay
Gianni Ocleppo,0.4,-,44-66,Clay
Marko Ostoja,0.398,1,49-74,Clay
Alex Calatrava,0.398,1,45-68,Clay
Olivier Rochus,0.394,2,61-94,Clay
Ruben Ramirez Hidalgo,0.394,-,61-94,Clay
Gabriel Urpi,0.394,-,41-63,Clay
Rainer Schuettler,0.393,-,64-99,Clay
Teymuraz Gabashvili,0.39,-,41-64,Clay
Francisco Roig,0.387,-,43-68,Clay
Mark Woodforde,0.387,-,43-68,Clay
Jun Kuki,0.386,-,56-89,Clay
Roberto Azar,0.385,-,47-75,Clay
John Yuill,0.385,-,45-72,Clay
Cassio Motta,0.379,-,58-95,Clay
Steve Krulevitz,0.376,-,56-93,Clay
Paul Kronk,0.374,-,52-87,Clay
Davide Sanguinetti,0.366,-,52-90,Clay
Juan Avendano,0.365,-,38-66,Clay
Ramesh Krishnan,0.362,1,38-67,Clay
Jonas Bjorkman,0.36,-,36-64,Clay
Rick Fagel,0.358,-,39-70,Clay
Sherwood Stewart,0.35,-,36-67,Clay
Thomas Johansson,0.349,-,37-69,Clay
Sashi Menon,0.347,-,35-66,Clay
Alvaro Betancur,0.324,-,33-69,Clay
Ramiro Benavides,0.311,-,41-91,Clay
Jim McManus,0.3,-,30-70,Clay
Elio Lito Alvarez,0.288,-,36-89,Clay